Workbook
Name CENTRES_LIST: CENTRES!$B$2:$B$20
Name PRESTATIONS_LIST: TARIFS_PRESTATIONS!$B$2:$B$100
Name VEHICULES_LIST: VEHICULES!$B$2:$B$500

Sheet SAISIE
A1: BON D'INTERVENTION — Marché 25.061 (CACEM)
A2: 1) Choisir centre + immat 2) Verifier les 2 lignes AVANT/ARRIERE 3) Cliquer le bouton vert ENVOYER
A4: N° bon | B4: =TEXT(TODAY(),"YYYYMMDD")&"-BI-"&TEXT(COUNTA(HISTORIQUE!B:B)-1,"000") -> YYYY06DD-BI-000 | D4: Date | E4: =TODAY() -> 46175 | G4: Marché | H4: 25.061
A5: N° engagement | D5: Lot | E5: =IF(H6="","Lot 1",H6) -> Lot 1 | G5: Centre ▼ | H5: Pneu Cash Schoelcher
A6: Demandeur | B6: joris | D6: Kilométrage | E6: 20005 | G6: Lot suggéré | H6: =IF(B9="","",IFERROR(INDEX(VEHICULES!$I:$I,MATCH(B9,VEHICULES!$B:$B,0)),"")) -> Lot 1
A7: Ordre : Centre (H5) → Immat (B9) → Engagement (B5) → bouton vert
A8: VÉHICULE
A9: Immatriculation | B9: GZ 744 DT | D9: Marque | E9: =IFERROR(INDEX(VEHICULES!$C:$C,MATCH($B$9,VEHICULES!$B:$B,0)),"") -> TOYOTA | G9: Modèle | H9: =IFERROR(INDEX(VEHICULES!$D:$D,MATCH($B$9,VEHICULES!$B:$B,0)),"") -> YARIS HYBRID
A11: LIGNES DE PRESTATION (tarifs BPU marché 25.061)
A12: Ligne | B12: Type | C12: Prestation / libellé | D12: Emplacement | E12: Dimension | F12: Qté | G12: Prix unit. HT (BPU) | H12: Total HT | I12: Réf BPU
A13: 1 | B13: Pneumatique neuf | D13: AVANT | E13: =IF($B$9="","",IFERROR(INDEX(VEHICULES!$F:$F,MATCH($B$9&"|"&D13,VEHICULES!$H:$H,0)),"")) -> 185/65 R15 88H | F13: 1 | G13: =IF(OR($B$9="",B13=""),"",IF(B13="Pneumatique neuf",IFERROR(INDEX(TARIFS_PNEUS!$I:$I,MATCH(INDEX(VEHICULES!$J:$J,MATCH($B$9&"|"&D13,VEHICULES!$H:$H,0)),TARIFS_PNEUS!$D:$D,0)),IFERROR(INDEX(TARIFS_PNEUS!$I:$I,MATCH(E13,TARIFS_PNEUS!$D:$D,0)),"")),IF(B13="Prestation",IFERROR(INDEX(TARIFS_PRESTATIONS!$E:$E,MATCH($E$5&"|"&C13,TARIFS_PRESTATIONS!$F:$F,0)),""),""))) -> 46 | H13: =IFERROR(IF(AND(F13>0,ISNUMBER(G13)),F13*G13,0),0) -> 46 | I13: =IF(OR($B$9="",B13<>"Pneumatique neuf"),"",IFERROR(INDEX(TARIFS_PNEUS!$B:$B,MATCH(INDEX(VEHICULES!$J:$J,MATCH($B$9&"|"&D13,VEHICULES!$H:$H,0)),TARIFS_PNEUS!$D:$D,0)),"")) -> 1.3
A14: 2 | B14: Pneumatique neuf | D14: ARRIERE | E14: =IF($B$9="","",IFERROR(INDEX(VEHICULES!$F:$F,MATCH($B$9&"|"&D14,VEHICULES!$H:$H,0)),"")) -> 185/65 R15 88H | F14: 1 | G14: =IF(OR($B$9="",B14=""),"",IF(B14="Pneumatique neuf",IFERROR(INDEX(TARIFS_PNEUS!$I:$I,MATCH(INDEX(VEHICULES!$J:$J,MATCH($B$9&"|"&D14,VEHICULES!$H:$H,0)),TARIFS_PNEUS!$D:$D,0)),IFERROR(INDEX(TARIFS_PNEUS!$I:$I,MATCH(E14,TARIFS_PNEUS!$D:$D,0)),"")),IF(B14="Prestation",IFERROR(INDEX(TARIFS_PRESTATIONS!$E:$E,MATCH($E$5&"|"&C14,TARIFS_PRESTATIONS!$F:$F,0)),""),""))) -> 46 | H14: =IFERROR(IF(AND(F14>0,ISNUMBER(G14)),F14*G14,0),0) -> 46 | I14: =IF(OR($B$9="",B14<>"Pneumatique neuf"),"",IFERROR(INDEX(TARIFS_PNEUS!$B:$B,MATCH(INDEX(VEHICULES!$J:$J,MATCH($B$9&"|"&D14,VEHICULES!$H:$H,0)),TARIFS_PNEUS!$D:$D,0)),"")) -> 1.3
A15: 3 | E15: =IF($B$9="","",IFERROR(INDEX(VEHICULES!$F:$F,MATCH($B$9&"|"&D15,VEHICULES!$H:$H,0)),"")) | G15: =IF(OR($B$9="",B15=""),"",IF(B15="Pneumatique neuf",IFERROR(INDEX(TARIFS_PNEUS!$I:$I,MATCH(INDEX(VEHICULES!$J:$J,MATCH($B$9&"|"&D15,VEHICULES!$H:$H,0)),TARIFS_PNEUS!$D:$D,0)),IFERROR(INDEX(TARIFS_PNEUS!$I:$I,MATCH(E15,TARIFS_PNEUS!$D:$D,0)),"")),IF(B15="Prestation",IFERROR(INDEX(TARIFS_PRESTATIONS!$E:$E,MATCH($E$5&"|"&C15,TARIFS_PRESTATIONS!$F:$F,0)),""),""))) | H15: =IFERROR(IF(AND(F15>0,ISNUMBER(G15)),F15*G15,0),0) -> 0 | I15: =IF(OR($B$9="",B15<>"Pneumatique neuf"),"",IFERROR(INDEX(TARIFS_PNEUS!$B:$B,MATCH(INDEX(VEHICULES!$J:$J,MATCH($B$9&"|"&D15,VEHICULES!$H:$H,0)),TARIFS_PNEUS!$D:$D,0)),""))
A16: 4 | E16: =IF($B$9="","",IFERROR(INDEX(VEHICULES!$F:$F,MATCH($B$9&"|"&D16,VEHICULES!$H:$H,0)),"")) | G16: =IF(OR($B$9="",B16=""),"",IF(B16="Pneumatique neuf",IFERROR(INDEX(TARIFS_PNEUS!$I:$I,MATCH(INDEX(VEHICULES!$J:$J,MATCH($B$9&"|"&D16,VEHICULES!$H:$H,0)),TARIFS_PNEUS!$D:$D,0)),IFERROR(INDEX(TARIFS_PNEUS!$I:$I,MATCH(E16,TARIFS_PNEUS!$D:$D,0)),"")),IF(B16="Prestation",IFERROR(INDEX(TARIFS_PRESTATIONS!$E:$E,MATCH($E$5&"|"&C16,TARIFS_PRESTATIONS!$F:$F,0)),""),""))) | H16: =IFERROR(IF(AND(F16>0,ISNUMBER(G16)),F16*G16,0),0) -> 0 | I16: =IF(OR($B$9="",B16<>"Pneumatique neuf"),"",IFERROR(INDEX(TARIFS_PNEUS!$B:$B,MATCH(INDEX(VEHICULES!$J:$J,MATCH($B$9&"|"&D16,VEHICULES!$H:$H,0)),TARIFS_PNEUS!$D:$D,0)),""))
A17: 5 | E17: =IF($B$9="","",IFERROR(INDEX(VEHICULES!$F:$F,MATCH($B$9&"|"&D17,VEHICULES!$H:$H,0)),"")) | G17: =IF(OR($B$9="",B17=""),"",IF(B17="Pneumatique neuf",IFERROR(INDEX(TARIFS_PNEUS!$I:$I,MATCH(INDEX(VEHICULES!$J:$J,MATCH($B$9&"|"&D17,VEHICULES!$H:$H,0)),TARIFS_PNEUS!$D:$D,0)),IFERROR(INDEX(TARIFS_PNEUS!$I:$I,MATCH(E17,TARIFS_PNEUS!$D:$D,0)),"")),IF(B17="Prestation",IFERROR(INDEX(TARIFS_PRESTATIONS!$E:$E,MATCH($E$5&"|"&C17,TARIFS_PRESTATIONS!$F:$F,0)),""),""))) | H17: =IFERROR(IF(AND(F17>0,ISNUMBER(G17)),F17*G17,0),0) -> 0 | I17: =IF(OR($B$9="",B17<>"Pneumatique neuf"),"",IFERROR(INDEX(TARIFS_PNEUS!$B:$B,MATCH(INDEX(VEHICULES!$J:$J,MATCH($B$9&"|"&D17,VEHICULES!$H:$H,0)),TARIFS_PNEUS!$D:$D,0)),""))
A18: 6 | E18: =IF($B$9="","",IFERROR(INDEX(VEHICULES!$F:$F,MATCH($B$9&"|"&D18,VEHICULES!$H:$H,0)),"")) | G18: =IF(OR($B$9="",B18=""),"",IF(B18="Pneumatique neuf",IFERROR(INDEX(TARIFS_PNEUS!$I:$I,MATCH(INDEX(VEHICULES!$J:$J,MATCH($B$9&"|"&D18,VEHICULES!$H:$H,0)),TARIFS_PNEUS!$D:$D,0)),IFERROR(INDEX(TARIFS_PNEUS!$I:$I,MATCH(E18,TARIFS_PNEUS!$D:$D,0)),"")),IF(B18="Prestation",IFERROR(INDEX(TARIFS_PRESTATIONS!$E:$E,MATCH($E$5&"|"&C18,TARIFS_PRESTATIONS!$F:$F,0)),""),""))) | H18: =IFERROR(IF(AND(F18>0,ISNUMBER(G18)),F18*G18,0),0) -> 0 | I18: =IF(OR($B$9="",B18<>"Pneumatique neuf"),"",IFERROR(INDEX(TARIFS_PNEUS!$B:$B,MATCH(INDEX(VEHICULES!$J:$J,MATCH($B$9&"|"&D18,VEHICULES!$H:$H,0)),TARIFS_PNEUS!$D:$D,0)),""))
A19: 7 | E19: =IF($B$9="","",IFERROR(INDEX(VEHICULES!$F:$F,MATCH($B$9&"|"&D19,VEHICULES!$H:$H,0)),"")) | G19: =IF(OR($B$9="",B19=""),"",IF(B19="Pneumatique neuf",IFERROR(INDEX(TARIFS_PNEUS!$I:$I,MATCH(INDEX(VEHICULES!$J:$J,MATCH($B$9&"|"&D19,VEHICULES!$H:$H,0)),TARIFS_PNEUS!$D:$D,0)),IFERROR(INDEX(TARIFS_PNEUS!$I:$I,MATCH(E19,TARIFS_PNEUS!$D:$D,0)),"")),IF(B19="Prestation",IFERROR(INDEX(TARIFS_PRESTATIONS!$E:$E,MATCH($E$5&"|"&C19,TARIFS_PRESTATIONS!$F:$F,0)),""),""))) | H19: =IFERROR(IF(AND(F19>0,ISNUMBER(G19)),F19*G19,0),0) -> 0 | I19: =IF(OR($B$9="",B19<>"Pneumatique neuf"),"",IFERROR(INDEX(TARIFS_PNEUS!$B:$B,MATCH(INDEX(VEHICULES!$J:$J,MATCH($B$9&"|"&D19,VEHICULES!$H:$H,0)),TARIFS_PNEUS!$D:$D,0)),""))
A21: TOTAL HT | H21: =IFERROR(SUM(H13:H19),0) -> 92
A22: =IF(B9="",">>> CHOISISSEZ UNE IMMATRICULATION (B9) <<<",IF(H5="",">>> CHOISISSEZ UN CENTRE (H5) <<<",HYPERLINK(LEFT(CELL("filename"),FIND("[",CELL("filename"))-1)&"EnvoyerBon.vbs",">>> ENVOYER LE BON PAR OUTLOOK (cliquez ici) <<<"))) -> >>> ENVOYER LE BON PAR OUTLOOK (cliquez ici) <<<
A26: Email centre | B26: =IFERROR(INDEX(CENTRES!$D:$D,MATCH(H5,CENTRES!$B:$B,0)),"") -> pcschoelcher@citadelle-sa.com
A27: Copie coordination | B27: =IFERROR(INDEX(CENTRES!$G:$G,MATCH(H5,CENTRES!$B:$B,0)),"lbarru@citadelle-sa.com") -> lbarru@citadelle-sa.com
A29: Alternative : double-cliquez EnvoyerBon.vbs dans le dossier JORIS si le bouton ne répond pas.

Sheet MARCHE
A1: INFORMATIONS MARCHÉ
A3: Consultation | B3: 202507011207
A4: Référence marché | B4: 25.061
A5: Maître d'ouvrage | B5: CACEM
A6: Objet | B6: Fourniture de pneumatiques et services associés
A7: Lot 1 | B7: Pneumatiques véhicules légers et SUV — Pneu Cash
A8: Lot 2 | B8: Pneumatiques véhicules utilitaires — Pneu Cash
A9: Lot 3 | B9: Pneumatiques poids lourds / spécifiques — SOMAREC (BPU scanné, voir PDF)
A10: Documents | B10: 2025MP061BPU_Lot_1 / LOT_2 / Lot_3_BPU.pdf
A11: Facturation | B11: Immatriculation + N° engagement + N° bon d'intervention

Sheet VEHICULES
A1: ID | B1: Immatriculation | C1: Marque | D1: Modele | E1: Emplacement | F1: Dimension | G1: Prix | H1: Cle_immat_emp | I1: Lot_suggere | J1: Cle_tarif
A2: 1 | B2: 307 BCL 972 | C2: RENAULT | D2: EPAREUSE | E2: AVANT | F2: 400/80-R24 | H2: 307 BCL 972|AVANT | I2: Lot 3 | J2: 400/80 R24
A3: 1 | B3: 307 BCL 972 | C3: RENAULT | D3: EPAREUSE | E3: ARRIERE | F3: 480/80-R34 | H3: 307 BCL 972|ARRIERE | I3: Lot 3 | J3: 480/80 R34
A4: 2 | B4: 309 BCL 972 | C4: RENAULT | D4: EPAREUSE | E4: AVANT | F4: 400/80-R24 | H4: 309 BCL 972|AVANT | I4: Lot 3 | J4: 400/80 R24
A5: 2 | B5: 309 BCL 972 | C5: RENAULT | D5: EPAREUSE | E5: ARRIERE | F5: 480/80-R34 | H5: 309 BCL 972|ARRIERE | I5: Lot 3 | J5: 480/80 R34
A6: 3 | B6: 656 BAV 972 | C6: RENAULT | D6: MASCOTT | E6: AVANT | F6: 215/75-R16C | H6: 656 BAV 972|AVANT | I6: Lot 1 | J6: 215/75 R16C
A7: 3 | B7: 656 BAV 972 | C7: RENAULT | D7: MASCOTT | E7: ARRIERE | F7: 215/75-R16C | H7: 656 BAV 972|ARRIERE | I7: Lot 1 | J7: 215/75 R16C
A8: 4 | B8: CH 168 VP | C8: SA ECIM | D8: REMORQUE | E8: AVANT | F8: 4.50-10 | H8: CH 168 VP|AVANT | I8: Lot 2 | J8: 4.50-10
A9: 4 | B9: CH 168 VP | C9: SA ECIM | D9: REMORQUE | E9: ARRIERE | F9: 4.50-10 | H9: CH 168 VP|ARRIERE | I9: Lot 2 | J9: 4.50-10
A10: 5 | B10: CJ 577 ZK | C10: IVECO | D10: 50C15 | E10: AVANT | F10: 195/75 R16 C 110/108 R | H10: CJ 577 ZK|AVANT | I10: Lot 2 | J10: 195/75 R16C
A11: 5 | B11: CJ 577 ZK | C11: IVECO | D11: 50C15 | E11: ARRIERE | F11: 195/75 R16 C 110/108 R | H11: CJ 577 ZK|ARRIERE | I11: Lot 2 | J11: 195/75 R16C
A12: 6 | B12: CJ 617 ZK | C12: IVECO | D12: 50C15 | E12: AVANT | F12: 195/75 R16 C 110/108 R | H12: CJ 617 ZK|AVANT | I12: Lot 2 | J12: 195/75 R16C
A13: 6 | B13: CJ 617 ZK | C13: IVECO | D13: 50C15 | E13: ARRIERE | F13: 195/75 R16 C 110/108 R | H13: CJ 617 ZK|ARRIERE | I13: Lot 2 | J13: 195/75 R16C
... A175: 87 | B175: GR 185 QN | C175: TOYOTA | D175: YARIS HYBRID | E175: ARRIERE | F175: 185/65 R15 88H | H175: GR 185 QN|ARRIERE | I175: Lot 1 | J175: 185/65 R15
A176: 88 | B176: GR 190 FJ | C176: PEUGEOT | D176: 208 | E176: AVANT | F176: 185/65 R15 88H | H176: GR 190 FJ|AVANT | I176: Lot 1 | J176: 185/65 R15
A177: 88 | B177: GR 190 FJ | C177: PEUGEOT | D177: 208 | E177: ARRIERE | F177: 185/65 R15 88H | H177: GR 190 FJ|ARRIERE | I177: Lot 1 | J177: 185/65 R15
A178: 89 | B178: GR 195 FJ | C178: PEUGEOT | D178: PARTNER | E178: AVANT | F178: 265/65 R16 98H | H178: GR 195 FJ|AVANT | I178: Lot 2 | J178: 265/65 R16
A179: 89 | B179: GR 195 FJ | C179: PEUGEOT | D179: PARTNER | E179: ARRIERE | F179: 265/65 R16 98H | H179: GR 195 FJ|ARRIERE | I179: Lot 2 | J179: 265/65 R16
A180: 90 | B180: GR 198 FJ | C180: PEUGEOT | D180: PARTNER | E180: AVANT | F180: 265/65 R16 98H | H180: GR 198 FJ|AVANT | I180: Lot 2 | J180: 265/65 R16
A181: 90 | B181: GR 198 FJ | C181: PEUGEOT | D181: PARTNER | E181: ARRIERE | F181: 265/65 R16 98H | H181: GR 198 FJ|ARRIERE | I181: Lot 2 | J181: 265/65 R16
A182: 91 | B182: GR 205 FJ | C182: PEUGEOT | D182: PARTNER | E182: AVANT | F182: 265/65 R16 98H | H182: GR 205 FJ|AVANT | I182: Lot 2 | J182: 265/65 R16
A183: 91 | B183: GR 205 FJ | C183: PEUGEOT | D183: PARTNER | E183: ARRIERE | F183: 265/65 R16 98H | H183: GR 205 FJ|ARRIERE | I183: Lot 2 | J183: 265/65 R16
A184: 92 | B184: GR 239 DR | C184: TOYOTA | D184: YARIS HYBRID | E184: AVANT | F184: 185/65 R15 88H | H184: GR 239 DR|AVANT | I184: Lot 1 | J184: 185/65 R15
A185: 92 | B185: GR 239 DR | C185: TOYOTA | D185: YARIS HYBRID | E185: ARRIERE | F185: 185/65 R15 88H | H185: GR 239 DR|ARRIERE | I185: Lot 1 | J185: 185/65 R15
A186: 93 | B186: GR 330 DR | C186: TOYOTA | D186: YARIS HYBRID | E186: AVANT | F186: 185/65 R15 88H | H186: GR 330 DR|AVANT | I186: Lot 1 | J186: 185/65 R15
A187: 93 | B187: GR 330 DR | C187: TOYOTA | D187: YARIS HYBRID | E187: ARRIERE | F187: 185/65 R15 88H | H187: GR 330 DR|ARRIERE | I187: Lot 1 | J187: 185/65 R15
A188: 94 | B188: GR 409 QN | C188: TOYOTA | D188: YARIS HYBRID | E188: AVANT | F188: 185/65 R15 88H | H188: GR 409 QN|AVANT | I188: Lot 1 | J188: 185/65 R15
A189: 94 | B189: GR 409 QN | C189: TOYOTA | D189: YARIS HYBRID | E189: ARRIERE | F189: 185/65 R15 88H | H189: GR 409 QN|ARRIERE | I189: Lot 1 | J189: 185/65 R15
... A245: 122 | B245: HH 888 WH | C245: PEUGEOT | D245: PARTNER | E245: ARRIERE | F245: 265/65 R16 98H | H245: HH 888 WH|ARRIERE | I245: Lot 2 | J245: 265/65 R16

Sheet TARIFS_PNEUS
A1: Lot | B1: Ref BPU | C1: Dimension | D1: Clé recherche | E1: Marque | F1: Classification | G1: Prix neuf HT | H1: Remise % | I1: Prix neuf remisé HT | J1: Prix rechapé remisé HT
A2: Lot 1 | B2: 1.1 | C2: 175/65 R15 84 H | D2: 175/65 R15 | E2: DAVANTI | F2: C-A-C-67 | G2: 64.52 | H2: 30.25 | I2: 45
A3: Lot 1 | B3: 1.3 | C3: 185/65 R15 88 T | D3: 185/65 R15 | E3: DAVANTI | F3: C-A-B-67 | G3: 66.36 | H3: 30.68 | I3: 46
A4: Lot 1 | B4: 1.4 | C4: 185/ 65 R15 92 T | D4: 185/ 65 R15 92 T | E4: DAVANTI | F4: C-A-B-67 | G4: 66.36 | H4: 30.68 | I4: 46
A5: Lot 1 | B5: 1.5 | C5: 205/55 R16 91 V | D5: 205/55 R16 | E5: DAVANTI | F5: C-A-A-68 | G5: 70.97 | H5: 25.32 | I5: 53
A6: Lot 1 | B6: 1.6 | C6: 205/45 R16 83 V | D6: 205/45 R16 | E6: DAVANTI | F6: C-A-B-68 | G6: 78.34 | H6: 29.79 | I6: 53
A7: Lot 1 | B7: 1.7 | C7: 235/55 R19 105 V XL | D7: 235/55 R19 | E7: DAVANTI | F7: B-A-B-61 | G7: 165.9 | H7: 27.67 | I7: 120
A8: Lot 1 | B8: 1.S1 | C8: 215/60 R17 96H | D8: 215/60 R17 | E8: DAVANTI | F8: Corolla Cross — repère BPU 1.5 | G8: 70.97 | H8: 25.32 | I8: 53
A9: Lot 1 | B9: BPU | C9: T135/80 D18 104M | D9: T135/80 D18 104M | E9: - | F9: -
A10: Lot 2 | B10: 1.1 | C10: 195/65 R15 91 H | D10: 195/65 R15 | E10: DAVANTI | F10: C-A-A-68 | G10: 71.89 | H10: 27.67 | I10: 52
A11: Lot 2 | B11: 1.10 | C11: 265/65 R17 112 S | D11: 265/65 R17 | E11: DAVANTI | F11: D-B-B-73 | G11: 165.9 | H11: 28.87 | I11: 118
A12: Lot 2 | B12: 1.11 | C12: 265/60 R18 110 H | D12: 265/60 R18 | E12: DAVANTI | F12: D-B-B-73 | G12: 207.37 | H12: 32.49 | I12: 140
A13: Lot 2 | B13: 1.12 | C13: 205/75 R16 C 113/111 R | D13: 205/75 R16C | E13: DAVANTI | F13: C-B-C-72 | G13: 117.97 | H13: 27.95 | I13: 85
A14: Lot 2 | B14: 1.13 | C14: 205 R16 C 110/108 S | D14: 205 R16 C 110/108 S | E14: DAVANTI | G14: 108.52 | H14: 26 | I14: 80
A15: Lot 2 | B15: 1.2 | C15: 205/65 R16 C 107/105 R | D15: 205/65 R16C | E15: DAVANTI | F15: C-B-C-72 | G15: 112.44 | H15: 27.07 | I15: 82
A16: Lot 2 | B16: 1.4 | C16: 215/65 R16C | D16: 215/65 R16C | E16: DAVANTI | F16: C-B-C-72 | G16: 115.21 | H16: 27.09 | I16: 84
A17: Lot 2 | B17: 1.6 | C17: 215/65 R16 102 H | D17: 215/65 R16 | E17: DAVANTI | F17: B-A-B-61 | G17: 105.99 | H17: 25.49 | I17: 79
A18: Lot 2 | B18: 1.7 | C18: 215/70 R15 C | D18: 215/70 R15C | E18: DAVANTI | F18: C-B-C-72 | G18: 105.99 | H18: 25.49 | I18: 79
A19: Lot 2 | B19: 1.8 | C19: 225/65 R16 C 112/110 R | D19: 225/65 R16C | E19: DAVANTI | F19: C-B-C-72 | G19: 129.03 | H19: 31.02 | I19: 89
A20: Lot 2 | B20: 1.9 | C20: 255/70 R16 111 T | D20: 255/70 R16 | E20: DAVANTI | F20: C-B-C-72 | G20: 133.64 | H20: 26.67 | I20: 98
A21: Lot 2 | B21: 2.S1 | C21: 195/75 R16 C 110/108 R | D21: 195/75 R16C | E21: DAVANTI | F21: Flotte IVECO 50C15 — repère BPU 1.12 | G21: 117.97 | H21: 27.95 | I21: 85
A22: Lot 2 | B22: 2.S2 | C22: 215/75-R16C | D22: 215/75 R16C | E22: DAVANTI | F22: Flotte MASCOTT/NACELLE — repère BPU 1.7 | G22: 105.99 | H22: 25.49 | I22: 79
A23: Lot 2 | B23: 2.S3 | C23: 265/65 R16 98H | D23: 265/65 R16 | E23: DAVANTI | F23: Flotte PARTNER — repère BPU 1.10 | G23: 165.9 | H23: 28.87 | I23: 118
A24: Lot 2 | B24: 2.S4 | C24: 185/R14C | D24: 185/R14C | E24: DAVANTI | F24: Flotte BROYEUR — repère BPU 1.1 | G24: 71.89 | H24: 27.67 | I24: 52
A25: Lot 2 | B25: BPU | C25: 4.50-10 | D25: 4.50-10 | E25: - | F25: -
A26: Lot 3 | B26: 3.1 | C26: 400/80-R24 | D26: 400/80 R24 | E26: BPU Lot 3 | F26: Épareuse RENAULT — valider BPU SOMAREC
A27: Lot 3 | B27: 3.2 | C27: 480/80-R34 | D27: 480/80 R34 | E27: BPU Lot 3 | F27: Épareuse RENAULT/KUBOTA — valider BPU SOMAREC
A28: Lot 3 | B28: 3.3 | C28: 360/80-R24 | D28: 360/80 R24 | E28: BPU Lot 3 | F28: Épareuse KUBOTA — valider BPU SOMAREC
A29: Lot 3 | B29: 3.4 | C29: 385/65 R 22,5 | D29: 385/65 R22.5 | E29: BPU Lot 3 | F29: Camion MAN/ISUZU — valider BPU SOMAREC

Sheet TARIFS_PRESTATIONS
A1: Lot | B1: Prestation | C1: Prix catalogue HT | D1: Remise % | E1: Prix remisé HT | F1: Cle_lot_prestation
A2: Lot 1 | B2: Réparation par rustine | C2: 9.22 | D2: 50 | E2: 4.61 | F2: Lot 1|Réparation par rustine
A3: Lot 1 | B3: Remplacement capteur de valve électronique | C3: 73.73 | D3: 36.87 | E3: 50 | F3: Lot 1|Remplacement capteur de valve électronique
A4: Lot 1 | B4: Parallélisme | C4: 63.59 | D4: 21.37 | E4: 50 | F4: Lot 1|Parallélisme
A5: Lot 1 | B5: Equilibrage | C5: 0 | D5: 100 | E5: 0 | F5: Lot 1|Equilibrage
A6: Lot 1 | B6: Montage sur jante | C6: 0 | D6: 100 | E6: 0 | F6: Lot 1|Montage sur jante
A7: Lot 1 | B7: Remplacement jante tôlé | C7: 0 | D7: 100 | E7: 0 | F7: Lot 1|Remplacement jante tôlé
A8: Lot 1 | B8: Remplacement jante alu | C8: 0 | D8: 100 | E8: 0 | F8: Lot 1|Remplacement jante alu
A9: Lot 2 | B9: Réparation par rustine | C9: 9.22 | D9: 50 | E9: 4.61 | F9: Lot 2|Réparation par rustine
A10: Lot 2 | B10: Remplacement capteur de valve électronique | C10: 73.73 | D10: 36.87 | E10: 40 | F10: Lot 2|Remplacement capteur de valve électronique
A11: Lot 2 | B11: Parallélisme | C11: 63.59 | D11: 21.37 | E11: 50 | F11: Lot 2|Parallélisme
A12: Lot 2 | B12: Equilibrage | C12: 0 | D12: 100 | E12: 0 | F12: Lot 2|Equilibrage
A13: Lot 2 | B13: Montage sur jante | C13: 0 | D13: 100 | E13: 0 | F13: Lot 2|Montage sur jante
... A15: Lot 2 | B15: Remplacement jante alu | C15: 0 | D15: 100 | E15: 0 | F15: Lot 2|Remplacement jante alu

Sheet CENTRES
A1: Lot | B1: Centre | C1: Adresse | D1: Email centre | E1: Mobile | F1: Fixe | G1: Email coordination
A2: Lot 1-2 | B2: Pneu Cash Schoelcher | C2: Zone de la carrière Ernoult, 97233 Schoelcher | D2: pcschoelcher@citadelle-sa.com | E2: 0696 31 97 16 | F2: 0596 57 25 25 | G2: lbarru@citadelle-sa.com
A3: Lot 1-2 | B3: Pneu Cash Les Mangles | C3: ZI Les Mangles, 97232 Le Lamentin | D3: pcmangles@citadelle-sa.com | E3: 0696 31 97 16 | F3: 0596 57 25 25 | G3: lbarru@citadelle-sa.com
A4: Lot 1-2 | B4: Pneu Cash Place d'Armes | C4: CC Place d'armes, 97232 Le Lamentin | D4: pcplacedarmes@citadelle-sa.com | E4: 0696 31 97 16 | F4: 0596 57 25 25 | G4: lbarru@citadelle-sa.com
A5: Lot 1-2 | B5: Pneu Cash Génipa | C5: ZAC de Génipa, 97224 Ducos | D5: pcgenipa@citadelle-sa.com | E5: 0696 31 97 16 | F5: 0596 57 25 25 | G5: lbarru@citadelle-sa.com
A6: Lot 1-2 | B6: Pneu Cash Trinité | C6: ZAC du BAC, 97220 Trinité | D6: pctrinite@citadelle-sa.com | E6: 0696 31 97 16 | F6: 0596 57 25 25 | G6: lbarru@citadelle-sa.com
A7: Lot 3 | B7: SOMAREC Aéroport | C7: Quartier Aéroport - RN5, 97232 Le Lamentin | D7: contact.somarec@gbh.fr | F7: 0596 42 44 24

Sheet HISTORIQUE
A1: Horodatage | B1: N° bon | C1: Engagement | D1: Lot | E1: Centre | F1: Immat | G1: Total HT | H1: Statut

Sheet OUTLOOK_MACRO
A1: ENVOYER LE BON PAR OUTLOOK
A3: METHODE SIMPLE (recommandee) :
A4: 1. Remplir centre (H5), immatriculation (B9), engagement (B5).
A5: 2. Verifier les lignes AVANT / ARRIERE (dimensions et prix auto).
A6: 3. Cliquer le GROS BOUTON VERT sur l'onglet SAISIE.
A7: -> Lance EnvoyerBon.vbs qui ouvre Outlook avec le mail pre-rempli.
A9: Si le bouton ne marche pas : double-cliquez EnvoyerBon.vbs dans le dossier JORIS.
A11: METHODE MACRO (optionnelle) :
A12: Importer ModOutlook.bas + bouton macro EnvoyerBonOutlook (email HTML).
